Workbook

Sheet Test Cases
A1: Test ID | B1: Linked Story | C1: Preconditions | D1: Steps | E1: Test Data | F1: Expected Result | G1: Type | H1: Priority | I1: Status
A2: TC-01 | B2: US-01 | C2: Signed out · Database reset and seeded; ACADMATE_TODAY=2026-10-01 | D2: 1. Open /login 2. Enter email and password 3. Click Sign in | E2: amara.okafor@pac.edu / Acadmate!2026 | F2: POST /auth/login returns 200 and sets the HttpOnly acadmate_session cookie; user lands on /student; sidebar shows the student navigation. | G2: Functional | H2: High | I2: Pass
A3: TC-02 | B3: US-01 | C3: Signed in as Dr. Sarah Smith (advisor) · Database reset and seeded; ACADMATE_TODAY=2026-10-01 | D3: 1. Navigate to /student 2. Navigate to /admin/users 3. Call GET /students/me/dashboard directly | E3: Advisor session cookie | F3: UI redirects to /advisor for both routes; the API returns 403 FORBIDDEN in the error envelope. | G3: Security | H3: High | I3: Pass
A4: TC-03 | B4: US-02 | C4: Signed out · self sign-up on · Database reset and seeded; ACADMATE_TODAY=2026-10-01 | D4: 1. Sign up with a Gmail address | E4: test@gmail.com / Passw0rd! | F4: 422 VALIDATION_ERROR on email: "Use your school email (pac.edu)."; no user is created. | G4: API | H4: High | I4: Pass
A5: TC-04 | B5: US-03 | C5: Signed in as Amara Okafor (student) · Database reset and seeded; ACADMATE_TODAY=2026-10-01 | D5: 1. Open /student | E5: Seed student 101 | F5: GPA 3.73 with per-term chart and On track pill; credits 21 / 36; Today card lists the 15:00 check-in; greeting uses "Amara". | G5: Functional | H5: High | I5: Pass
A6: TC-05 | B6: US-04 | C6: Signed in as Amara Okafor (student) · Database reset and seeded; ACADMATE_TODAY=2026-10-01 | D6: 1. Add a course whose prerequisite Amara hasn't taken | E6: Course with unmet prerequisite | F6: 400 "Take <prereq> before <course>." shown in the dialog; nothing added. | G6: API | H6: High | I6: Pass
A7: TC-06 | B7: US-05 | C7: Signed in as Amara Okafor (student) · Database reset and seeded; ACADMATE_TODAY=2026-10-01 · "Visa and immigration" is blocked | D7: 1. Ask "Will dropping a course affect my visa?" 2. Click the handoff action | E7: Question text | F7: Amber handoff answer suggesting a meeting; no model call made; action opens Book a meeting. | G7: Security | H7: High | I7: Pass
A8: TC-07 | B8: US-06 | C8: Signed in as Amara Okafor (student) · Database reset and seeded; ACADMATE_TODAY=2026-10-01 | D8: 1. Submit the capstone form 2. Open Degree plan 3. Submit it again | E8: Form assignment | F8: Pending form approval for Dr. Smith; audit counts the form as submitted; 2nd submit 409 "This assignment is already submitted." | G8: Functional | H8: High | I8: Pass
A9: TC-08 | B9: US-07 | C9: Signed in as Amara Okafor (student) · Database reset and seeded; ACADMATE_TODAY=2026-10-01 | D9: 1. Start a conversation with an unrelated student 2. Start one with your own user id | E9: recipientIds [12] · [1] | F9: 403 "You can't message this person." / 403 "You can't message yourself." | G9: Security | H9: High | I9: Pass
A10: TC-09 | B10: US-08 | C10: Signed in as Amara Okafor (student) · Database reset and seeded; ACADMATE_TODAY=2026-10-01 | D10: 1. Pick a free slot and a topic 2. Book 3. Reload | E10: Topic "Capstone topics" | F10: 201; Requested (Dr. Smith) or Confirmed (Graduate office auto-confirms); slot taken after reload; staff gets a notice. | G10: Functional | H10: High | I10: Pass
A11: TC-10 | B11: US-08 | C11: Two students signed in | D11: 1. Both POST /meetings for the same staff and start at the same time | E11: Same staffId and start | F11: One 201; the other 409 SLOT_TAKEN "That time was just taken. Pick another."; only one row exists. | G11: API | H11: High | I11: Pass
A12: TC-11 | B12: US-09 | C12: Throwaway student created with make_user() · Database reset and seeded; ACADMATE_TODAY=2026-10-01 | D12: 1. Delete with a wrong password 2. Delete with the correct password 3. Try to sign in | E12: Wrong / correct password | F12: 1: 403 INVALID_CREDENTIALS inline. 2: signed out, upcoming meetings cancelled, sessions removed. 3: sign-in fails; enrollments kept anonymised. | G12: Security | H12: High | I12: Pass
... A16: TC-15 | B16: US-13 | C16: Signed in as Jordan Lee (admin) · Database reset and seeded; ACADMATE_TODAY=2026-10-01 · ANTHROPIC_API_KEY not set | D16: 1. Choose engine Claude and save 2. Change only reply style and save | E16: engine=claude | F16: 1: 400 CLAUDE_UNAVAILABLE toast. 2: saves fine. | G16: API | H16: Medium | I16: Pass

Sheet Summary
A1: Acadmate · Test case summary
A3: Story | B3: Feature | C3: Test cases | D3: Functional | E3: API | F3: Security | G3: Regression | H3: High | I3: Medium | J3: Low
A4: US-01 | B4: Sign-in, sessions & navigation | C4: =COUNTIF('Test Cases'!$B$2:$B$16,A4) -> 2 | D4: =COUNTIFS('Test Cases'!$B$2:$B$16,A4,'Test Cases'!$G$2:$G$16,"Functional") -> 1 | E4: =COUNTIFS('Test Cases'!$B$2:$B$16,A4,'Test Cases'!$G$2:$G$16,"API") -> 0 | F4: =COUNTIFS('Test Cases'!$B$2:$B$16,A4,'Test Cases'!$G$2:$G$16,"Security") -> 1 | G4: =COUNTIFS('Test Cases'!$B$2:$B$16,A4,'Test Cases'!$G$2:$G$16,"Regression") -> 0 | H4: =COUNTIFS('Test Cases'!$B$2:$B$16,A4,'Test Cases'!$H$2:$H$16,"High") -> 2 | I4: =COUNTIFS('Test Cases'!$B$2:$B$16,A4,'Test Cases'!$H$2:$H$16,"Medium") -> 0 | J4: =COUNTIFS('Test Cases'!$B$2:$B$16,A4,'Test Cases'!$H$2:$H$16,"Low") -> 0
A5: US-02 | B5: Account setup & recovery | C5: =COUNTIF('Test Cases'!$B$2:$B$16,A5) -> 1 | D5: =COUNTIFS('Test Cases'!$B$2:$B$16,A5,'Test Cases'!$G$2:$G$16,"Functional") -> 0 | E5: =COUNTIFS('Test Cases'!$B$2:$B$16,A5,'Test Cases'!$G$2:$G$16,"API") -> 1 | F5: =COUNTIFS('Test Cases'!$B$2:$B$16,A5,'Test Cases'!$G$2:$G$16,"Security") -> 0 | G5: =COUNTIFS('Test Cases'!$B$2:$B$16,A5,'Test Cases'!$G$2:$G$16,"Regression") -> 0 | H5: =COUNTIFS('Test Cases'!$B$2:$B$16,A5,'Test Cases'!$H$2:$H$16,"High") -> 1 | I5: =COUNTIFS('Test Cases'!$B$2:$B$16,A5,'Test Cases'!$H$2:$H$16,"Medium") -> 0 | J5: =COUNTIFS('Test Cases'!$B$2:$B$16,A5,'Test Cases'!$H$2:$H$16,"Low") -> 0
A6: US-03 | B6: Dashboard, courses & grades | C6: =COUNTIF('Test Cases'!$B$2:$B$16,A6) -> 1 | D6: =COUNTIFS('Test Cases'!$B$2:$B$16,A6,'Test Cases'!$G$2:$G$16,"Functional") -> 1 | E6: =COUNTIFS('Test Cases'!$B$2:$B$16,A6,'Test Cases'!$G$2:$G$16,"API") -> 0 | F6: =COUNTIFS('Test Cases'!$B$2:$B$16,A6,'Test Cases'!$G$2:$G$16,"Security") -> 0 | G6: =COUNTIFS('Test Cases'!$B$2:$B$16,A6,'Test Cases'!$G$2:$G$16,"Regression") -> 0 | H6: =COUNTIFS('Test Cases'!$B$2:$B$16,A6,'Test Cases'!$H$2:$H$16,"High") -> 1 | I6: =COUNTIFS('Test Cases'!$B$2:$B$16,A6,'Test Cases'!$H$2:$H$16,"Medium") -> 0 | J6: =COUNTIFS('Test Cases'!$B$2:$B$16,A6,'Test Cases'!$H$2:$H$16,"Low") -> 0
A7: US-04 | B7: Degree plan & approval | C7: =COUNTIF('Test Cases'!$B$2:$B$16,A7) -> 1 | D7: =COUNTIFS('Test Cases'!$B$2:$B$16,A7,'Test Cases'!$G$2:$G$16,"Functional") -> 0 | E7: =COUNTIFS('Test Cases'!$B$2:$B$16,A7,'Test Cases'!$G$2:$G$16,"API") -> 1 | F7: =COUNTIFS('Test Cases'!$B$2:$B$16,A7,'Test Cases'!$G$2:$G$16,"Security") -> 0 | G7: =COUNTIFS('Test Cases'!$B$2:$B$16,A7,'Test Cases'!$G$2:$G$16,"Regression") -> 0 | H7: =COUNTIFS('Test Cases'!$B$2:$B$16,A7,'Test Cases'!$H$2:$H$16,"High") -> 1 | I7: =COUNTIFS('Test Cases'!$B$2:$B$16,A7,'Test Cases'!$H$2:$H$16,"Medium") -> 0 | J7: =COUNTIFS('Test Cases'!$B$2:$B$16,A7,'Test Cases'!$H$2:$H$16,"Low") -> 0
A8: US-05 | B8: AI advisor | C8: =COUNTIF('Test Cases'!$B$2:$B$16,A8) -> 1 | D8: =COUNTIFS('Test Cases'!$B$2:$B$16,A8,'Test Cases'!$G$2:$G$16,"Functional") -> 0 | E8: =COUNTIFS('Test Cases'!$B$2:$B$16,A8,'Test Cases'!$G$2:$G$16,"API") -> 0 | F8: =COUNTIFS('Test Cases'!$B$2:$B$16,A8,'Test Cases'!$G$2:$G$16,"Security") -> 1 | G8: =COUNTIFS('Test Cases'!$B$2:$B$16,A8,'Test Cases'!$G$2:$G$16,"Regression") -> 0 | H8: =COUNTIFS('Test Cases'!$B$2:$B$16,A8,'Test Cases'!$H$2:$H$16,"High") -> 1 | I8: =COUNTIFS('Test Cases'!$B$2:$B$16,A8,'Test Cases'!$H$2:$H$16,"Medium") -> 0 | J8: =COUNTIFS('Test Cases'!$B$2:$B$16,A8,'Test Cases'!$H$2:$H$16,"Low") -> 0
A9: US-06 | B9: Schedule & assignments | C9: =COUNTIF('Test Cases'!$B$2:$B$16,A9) -> 1 | D9: =COUNTIFS('Test Cases'!$B$2:$B$16,A9,'Test Cases'!$G$2:$G$16,"Functional") -> 1 | E9: =COUNTIFS('Test Cases'!$B$2:$B$16,A9,'Test Cases'!$G$2:$G$16,"API") -> 0 | F9: =COUNTIFS('Test Cases'!$B$2:$B$16,A9,'Test Cases'!$G$2:$G$16,"Security") -> 0 | G9: =COUNTIFS('Test Cases'!$B$2:$B$16,A9,'Test Cases'!$G$2:$G$16,"Regression") -> 0 | H9: =COUNTIFS('Test Cases'!$B$2:$B$16,A9,'Test Cases'!$H$2:$H$16,"High") -> 1 | I9: =COUNTIFS('Test Cases'!$B$2:$B$16,A9,'Test Cases'!$H$2:$H$16,"Medium") -> 0 | J9: =COUNTIFS('Test Cases'!$B$2:$B$16,A9,'Test Cases'!$H$2:$H$16,"Low") -> 0
A10: US-07 | B10: Messages & notices | C10: =COUNTIF('Test Cases'!$B$2:$B$16,A10) -> 1 | D10: =COUNTIFS('Test Cases'!$B$2:$B$16,A10,'Test Cases'!$G$2:$G$16,"Functional") -> 0 | E10: =COUNTIFS('Test Cases'!$B$2:$B$16,A10,'Test Cases'!$G$2:$G$16,"API") -> 0 | F10: =COUNTIFS('Test Cases'!$B$2:$B$16,A10,'Test Cases'!$G$2:$G$16,"Security") -> 1 | G10: =COUNTIFS('Test Cases'!$B$2:$B$16,A10,'Test Cases'!$G$2:$G$16,"Regression") -> 0 | H10: =COUNTIFS('Test Cases'!$B$2:$B$16,A10,'Test Cases'!$H$2:$H$16,"High") -> 1 | I10: =COUNTIFS('Test Cases'!$B$2:$B$16,A10,'Test Cases'!$H$2:$H$16,"Medium") -> 0 | J10: =COUNTIFS('Test Cases'!$B$2:$B$16,A10,'Test Cases'!$H$2:$H$16,"Low") -> 0
A11: US-08 | B11: Book a meeting | C11: =COUNTIF('Test Cases'!$B$2:$B$16,A11) -> 2 | D11: =COUNTIFS('Test Cases'!$B$2:$B$16,A11,'Test Cases'!$G$2:$G$16,"Functional") -> 1 | E11: =COUNTIFS('Test Cases'!$B$2:$B$16,A11,'Test Cases'!$G$2:$G$16,"API") -> 1 | F11: =COUNTIFS('Test Cases'!$B$2:$B$16,A11,'Test Cases'!$G$2:$G$16,"Security") -> 0 | G11: =COUNTIFS('Test Cases'!$B$2:$B$16,A11,'Test Cases'!$G$2:$G$16,"Regression") -> 0 | H11: =COUNTIFS('Test Cases'!$B$2:$B$16,A11,'Test Cases'!$H$2:$H$16,"High") -> 2 | I11: =COUNTIFS('Test Cases'!$B$2:$B$16,A11,'Test Cases'!$H$2:$H$16,"Medium") -> 0 | J11: =COUNTIFS('Test Cases'!$B$2:$B$16,A11,'Test Cases'!$H$2:$H$16,"Low") -> 0
A12: US-09 | B12: Student settings & privacy | C12: =COUNTIF('Test Cases'!$B$2:$B$16,A12) -> 1 | D12: =COUNTIFS('Test Cases'!$B$2:$B$16,A12,'Test Cases'!$G$2:$G$16,"Functional") -> 0 | E12: =COUNTIFS('Test Cases'!$B$2:$B$16,A12,'Test Cases'!$G$2:$G$16,"API") -> 0 | F12: =COUNTIFS('Test Cases'!$B$2:$B$16,A12,'Test Cases'!$G$2:$G$16,"Security") -> 1 | G12: =COUNTIFS('Test Cases'!$B$2:$B$16,A12,'Test Cases'!$G$2:$G$16,"Regression") -> 0 | H12: =COUNTIFS('Test Cases'!$B$2:$B$16,A12,'Test Cases'!$H$2:$H$16,"High") -> 1 | I12: =COUNTIFS('Test Cases'!$B$2:$B$16,A12,'Test Cases'!$H$2:$H$16,"Medium") -> 0 | J12: =COUNTIFS('Test Cases'!$B$2:$B$16,A12,'Test Cases'!$H$2:$H$16,"Low") -> 0
A13: US-10 | B13: Overview & audit log | C13: =COUNTIF('Test Cases'!$B$2:$B$16,A13) -> 1 | D13: =COUNTIFS('Test Cases'!$B$2:$B$16,A13,'Test Cases'!$G$2:$G$16,"Functional") -> 1 | E13: =COUNTIFS('Test Cases'!$B$2:$B$16,A13,'Test Cases'!$G$2:$G$16,"API") -> 0 | F13: =COUNTIFS('Test Cases'!$B$2:$B$16,A13,'Test Cases'!$G$2:$G$16,"Security") -> 0 | G13: =COUNTIFS('Test Cases'!$B$2:$B$16,A13,'Test Cases'!$G$2:$G$16,"Regression") -> 0 | H13: =COUNTIFS('Test Cases'!$B$2:$B$16,A13,'Test Cases'!$H$2:$H$16,"High") -> 1 | I13: =COUNTIFS('Test Cases'!$B$2:$B$16,A13,'Test Cases'!$H$2:$H$16,"Medium") -> 0 | J13: =COUNTIFS('Test Cases'!$B$2:$B$16,A13,'Test Cases'!$H$2:$H$16,"Low") -> 0
A14: US-11 | B14: Users & advisors | C14: =COUNTIF('Test Cases'!$B$2:$B$16,A14) -> 1 | D14: =COUNTIFS('Test Cases'!$B$2:$B$16,A14,'Test Cases'!$G$2:$G$16,"Functional") -> 0 | E14: =COUNTIFS('Test Cases'!$B$2:$B$16,A14,'Test Cases'!$G$2:$G$16,"API") -> 1 | F14: =COUNTIFS('Test Cases'!$B$2:$B$16,A14,'Test Cases'!$G$2:$G$16,"Security") -> 0 | G14: =COUNTIFS('Test Cases'!$B$2:$B$16,A14,'Test Cases'!$G$2:$G$16,"Regression") -> 0 | H14: =COUNTIFS('Test Cases'!$B$2:$B$16,A14,'Test Cases'!$H$2:$H$16,"High") -> 1 | I14: =COUNTIFS('Test Cases'!$B$2:$B$16,A14,'Test Cases'!$H$2:$H$16,"Medium") -> 0 | J14: =COUNTIFS('Test Cases'!$B$2:$B$16,A14,'Test Cases'!$H$2:$H$16,"Low") -> 0
A15: US-12 | B15: Catalog & data integrations | C15: =COUNTIF('Test Cases'!$B$2:$B$16,A15) -> 1 | D15: =COUNTIFS('Test Cases'!$B$2:$B$16,A15,'Test Cases'!$G$2:$G$16,"Functional") -> 1 | E15: =COUNTIFS('Test Cases'!$B$2:$B$16,A15,'Test Cases'!$G$2:$G$16,"API") -> 0 | F15: =COUNTIFS('Test Cases'!$B$2:$B$16,A15,'Test Cases'!$G$2:$G$16,"Security") -> 0 | G15: =COUNTIFS('Test Cases'!$B$2:$B$16,A15,'Test Cases'!$G$2:$G$16,"Regression") -> 0 | H15: =COUNTIFS('Test Cases'!$B$2:$B$16,A15,'Test Cases'!$H$2:$H$16,"High") -> 1 | I15: =COUNTIFS('Test Cases'!$B$2:$B$16,A15,'Test Cases'!$H$2:$H$16,"Medium") -> 0 | J15: =COUNTIFS('Test Cases'!$B$2:$B$16,A15,'Test Cases'!$H$2:$H$16,"Low") -> 0
A16: US-13 | B16: AI & institution settings | C16: =COUNTIF('Test Cases'!$B$2:$B$16,A16) -> 1 | D16: =COUNTIFS('Test Cases'!$B$2:$B$16,A16,'Test Cases'!$G$2:$G$16,"Functional") -> 0 | E16: =COUNTIFS('Test Cases'!$B$2:$B$16,A16,'Test Cases'!$G$2:$G$16,"API") -> 1 | F16: =COUNTIFS('Test Cases'!$B$2:$B$16,A16,'Test Cases'!$G$2:$G$16,"Security") -> 0 | G16: =COUNTIFS('Test Cases'!$B$2:$B$16,A16,'Test Cases'!$G$2:$G$16,"Regression") -> 0 | H16: =COUNTIFS('Test Cases'!$B$2:$B$16,A16,'Test Cases'!$H$2:$H$16,"High") -> 0 | I16: =COUNTIFS('Test Cases'!$B$2:$B$16,A16,'Test Cases'!$H$2:$H$16,"Medium") -> 1 | J16: =COUNTIFS('Test Cases'!$B$2:$B$16,A16,'Test Cases'!$H$2:$H$16,"Low") -> 0
A17: Total | C17: =SUM(C4:C16) -> 15 | D17: =SUM(D4:D16) -> 6 | E17: =SUM(E4:E16) -> 5 | F17: =SUM(F4:F16) -> 4 | G17: =SUM(G4:G16) -> 0 | H17: =SUM(H4:H16) -> 14 | I17: =SUM(I4:I16) -> 1 | J17: =SUM(J4:J16) -> 0
A19: Condensed for the presentation: 15 of 113 test cases, one or more per story. The full set is in Acadmate_Test_Cases_Full.xlsx.
A20: Coverage per story: happy path, negative (invalid input, missing fields, unauthorized access), edge (empty data, max length, special characters, duplicates, concurrency), plus API status codes / error envelopes, validation, permissions and integration points.
A21: Titles start with the case category (Happy path / Negative / Edge / Security / Integration / Regression / API). Integration-point cases are typed Functional.
A22: Common setup: python reset_db.py --yes && python seed_data.py, ACADMATE_TODAY=2026-10-01 (same pin as pytest). Seed password for every demo user: Acadmate!2026.
A23: Error codes and limits come from the FastAPI backend (core/errors.py, services/*, schemas/*). Every error returns {"error": {"code", "message", "details"}}.
A24: Priority: High = core flow or security, Medium = supporting flow, Low = convenience. All data is invented demo data.
