Workbook

Sheet Tasks
A1: Key | B1: Summary | C1: Assignee | D1: Priority | E1: Sprint | F1: Start | G1: Due | H1: Story Points | I1: Status | J1: Completed Date
A2: SCRUM-16 | B2: [UI/UX] Wireframes for Acadmate | C2: Lyno Takudzwa Chihwehwete | D2: High | E2: Sprint-1 | F2: 46286 | G2: 46290 | H2: 5 | I2: Done | J2: 46288
A3: SCRUM-17 | B3: [Backend] Authentication & Roles | C3: Pranali Dukhande | D3: Highest | E3: Sprint-1 | F3: 46286 | G3: 46294 | H3: 9 | I3: Done | J3: 46295
A4: SCRUM-18 | B4: [Database] Academic Data | C4: Datta Vardhan Reddy Kontham | D4: Highest | E4: Sprint-1 | F4: 46286 | G4: 46295 | H4: 10 | I4: Done | J4: 46293
A5: SCRUM-19 | B5: [Backend] Backend APIs | C5: Liangxian Li | D5: Highest | E5: Sprint-2 | F5: 46293 | G5: 46301 | H5: 8 | I5: Done | J5: 46300
A6: SCRUM-20 | B6: [Frontend] Student Dashboard | C6: Lyno Takudzwa Chihwehwete | D6: High | E6: Sprint-2 | F6: 46296 | G6: 46304 | H6: 9 | I6: Done | J6: 46304
A7: SCRUM-21 | B7: [Frontend] Advisor Dashboard | C7: Lyno Takudzwa Chihwehwete | D7: High | E7: Sprint-2 | F7: 46296 | G7: 46304 | H7: 9 | I7: Done | J7: 46304
A8: SCRUM-22 | B8: [Full-stack] Frontend-Backend Integration | C8: Pranali Dukhande | D8: High | E8: Sprint-3 | F8: 46302 | G8: 46309 | H8: 7 | I8: Done | J8: 46310
A9: SCRUM-23 | B9: [QA] Basic Testing | C9: Pragnan Chintu | D9: Medium | E9: Sprint-3 | F9: 46307 | G9: 46314 | H9: 7 | I9: Done | J9: 46314

Sheet Burndown
A1: Date | B1: Day | C1: Ideal Remaining | D1: Actual Remaining | F1: Total Story Points (all tasks) | G1: 110
A2: 46286 | B2: Mon | C2: =ROUND($G$1*(DATE(2026,10,19)-A2)/28,1) -> 110 | D2: =ROUND($G$1-SUMIFS(Tasks!$H:$H,Tasks!$J:$J,"<="&A2),1) -> 110
A3: 46287 | B3: Tue | C3: =ROUND($G$1*(DATE(2026,10,19)-A3)/28,1) -> 106.1 | D3: =ROUND($G$1-SUMIFS(Tasks!$H:$H,Tasks!$J:$J,"<="&A3),1) -> 110
A4: 46288 | B4: Wed | C4: =ROUND($G$1*(DATE(2026,10,19)-A4)/28,1) -> 102.1 | D4: =ROUND($G$1-SUMIFS(Tasks!$H:$H,Tasks!$J:$J,"<="&A4),1) -> 105
A5: 46289 | B5: Thu | C5: =ROUND($G$1*(DATE(2026,10,19)-A5)/28,1) -> 98.2 | D5: =ROUND($G$1-SUMIFS(Tasks!$H:$H,Tasks!$J:$J,"<="&A5),1) -> 105
A6: 46290 | B6: Fri | C6: =ROUND($G$1*(DATE(2026,10,19)-A6)/28,1) -> 94.3 | D6: =ROUND($G$1-SUMIFS(Tasks!$H:$H,Tasks!$J:$J,"<="&A6),1) -> 105
A7: 46291 | B7: Sat | C7: =ROUND($G$1*(DATE(2026,10,19)-A7)/28,1) -> 90.4 | D7: 85
A8: 46292 | B8: Sun | C8: =ROUND($G$1*(DATE(2026,10,19)-A8)/28,1) -> 86.4 | D8: 85
A9: 46293 | B9: Mon | C9: =ROUND($G$1*(DATE(2026,10,19)-A9)/28,1) -> 82.5 | D9: 85
A10: 46294 | B10: Tue | C10: =ROUND($G$1*(DATE(2026,10,19)-A10)/28,1) -> 78.6 | D10: 85
A11: 46295 | B11: Wed | C11: =ROUND($G$1*(DATE(2026,10,19)-A11)/28,1) -> 74.6 | D11: 78
A12: 46296 | B12: Thu | C12: =ROUND($G$1*(DATE(2026,10,19)-A12)/28,1) -> 70.7 | D12: 78
A13: 46297 | B13: Fri | C13: =ROUND($G$1*(DATE(2026,10,19)-A13)/28,1) -> 66.8 | D13: 78
A14: 46298 | B14: Sat | C14: =ROUND($G$1*(DATE(2026,10,19)-A14)/28,1) -> 62.9 | D14: 60
A15: 46299 | B15: Sun | C15: =ROUND($G$1*(DATE(2026,10,19)-A15)/28,1) -> 58.9 | D15: 60
A16: 46300 | B16: Mon | C16: =ROUND($G$1*(DATE(2026,10,19)-A16)/28,1) -> 55 | D16: 60
A17: 46301 | B17: Tue | C17: =ROUND($G$1*(DATE(2026,10,19)-A17)/28,1) -> 51.1 | D17: 60
A18: 46302 | B18: Wed | C18: =ROUND($G$1*(DATE(2026,10,19)-A18)/28,1) -> 47.1 | D18: 43
... A30: 46314 | B30: Mon | C30: =ROUND($G$1*(DATE(2026,10,19)-A30)/28,1) -> 0 | D30: 0

Sheet README
A1: Sprint 2 Burndown - How to use
A3: 1. On the Tasks sheet, fill in Story Points (col H, yellow) for each task.
A4: 4. Burndown covers the full project, Sep 21 - Oct 19; ideal line assumes even progress across all 64 points.
A5: 3. The Burndown sheet and chart update automatically from those columns.
A6: 4. Ideal line assumes even progress Oct 1 - Oct 9; actual line burns points on each task's Completed Date.
A7: 5. Attach this file to the Jira sprint, or screenshot the chart into the presentation.
